name, date
B_D_0_0, 0
B_D_15_10, 15
B_D_15_1, 15
B_D_15_2, 15
B_D_15_3, 15
B_D_15_4, 15
B_D_15_5, 15
B_D_15_6, 15
B_D_15_7, 15
B_D_15_8, 15
B_D_15_9, 15
B_D_22_10, 22
B_D_22_1, 22
B_D_22_2, 22
B_D_22_3, 22
B_D_22_4, 22
B_D_22_5, 22
B_D_22_6, 22
B_D_22_7, 22
B_D_22_8, 22
B_D_22_9, 22
B_D_28_10, 28
B_D_28_1, 28
B_D_28_2, 28
B_D_28_3, 28
B_D_28_4, 28
B_D_28_5, 28
B_D_28_6, 28
B_D_28_7, 28
B_D_28_8, 28
B_D_28_9, 28
B_D_37_10, 37
B_D_37_1, 37
B_D_37_2, 37
B_D_37_3, 37
B_D_37_4, 37
B_D_37_5, 37
B_D_37_6, 37
B_D_37_7, 37
B_D_37_8, 37
B_D_37_9, 37
B_D_8_10, 8
B_D_8_1, 8
B_D_8_2, 8
B_D_8_3, 8
B_D_8_4, 8
B_D_8_5, 8
B_D_8_6, 8
B_D_8_7, 8
B_D_8_8, 8
B_D_8_9, 8