name,date
A_D_0_0,0
P_D_15_10,15
P_D_15_11,15
P_D_15_1,15
P_D_15_2,15
P_D_15_3,15
P_D_15_4,15
P_D_15_5,15
P_D_15_6,15
P_D_15_7,15
P_D_15_8,15
P_D_15_9,15
P_D_22_10,22
P_D_22_11,22
P_D_22_1,22
P_D_22_2,22
P_D_22_3,22
P_D_22_4,22
P_D_22_5,22
P_D_22_6,22
P_D_22_7,22
P_D_22_8,22
P_D_22_9,22
P_D_28_10,28
P_D_28_11,28
P_D_28_1,28
P_D_28_2,28
P_D_28_3,28
P_D_28_4,28
P_D_28_5,28
P_D_28_6,28
P_D_28_7,28
P_D_28_8,28
P_D_28_9,28
P_D_8_10,8
P_D_8_11,8
P_D_8_1,8
P_D_8_2,8
P_D_8_3,8
P_D_8_4,8
P_D_8_5,8
P_D_8_6,8
P_D_8_7,8
P_D_8_8,8
P_D_8_9,8